,0,项目名称,行业,轮次,融资额,城市,项目介绍,核心成员,股权结构,公司介绍,企业名称,工商注册号,成立时间,注册资本,所属行业,查看该项目投资人,联系电话,联系邮箱,推荐单位,推荐单位链接,商业计划书
1,1,AI芯片,"智能制造,半导体/芯片",初创期,1000-3000万,"北京,石景山区",公司通过打造行业整体智能解决方案，从而降低人工智能入门门槛。公司的优势包括：1、优秀的团队，软硬件核心研发团队技术实力雄厚，拥有全球顶级芯片公司人脉资源和信息渠道；2、行业解决方案占优，此类行业专用人工智能(AI)加速器芯片在当前市场是空白点；3、技术门槛高，技术难度大，AI算法高精尖，高速存储及逻辑接口需要多年的技术沉淀，技术成熟，风险低，芯片架构已在多块芯片上成功应用；4、先进AI芯片方案，功耗比是通用CPU和GPU的二十分之一。,"[[""李澎亮    CEO\n北京大学物理系毕业，加拿大毅伟商学院（Ivey Business School)EMBA，中国人民大学商学院导师。超过20年全球500强工作经验，历任华为，中国惠普，加拿大IBM，加拿大BMO银行等著名国际大公司高级研发和管理人员。"", ""CEO\n北京大学物理系毕业，加拿大毅伟商学院（Ivey Business School)EMBA，中国人民大学商学院导师。超过20年全球500强工作经验，历任华为，中国惠普，加拿大IBM，加拿大BMO银行等著名国际大公司高级研发和管理人员。"", ""北京大学物理系毕业，加拿大毅伟商学院（Ivey Business School)EMBA，中国人民大学商学院导师。超过20年全球500强工作经验，历任华为，中国惠普，加拿大IBM，加拿大BMO银行等著名国际大公司高级研发和管理人员。""]]",[],公司是一家致力于人工智能加速器芯片及其衍生产品的研发、技术支持和销售，为客户提供定制化硬件、软件总体解决方案的公司。公司产品由国际顶尖芯片专家、计算机视觉和人工智能领域优秀科学家领衔研发，并聚集了在深度学习、智能芯片等领域有着丰富经验、技术精湛的研发队伍，在芯片功耗比、图像识别速度、识别率、多物体识别、危险物品检测等技术处于领先水平。,北京天实信互联网科技有限公司,9111010735796542XW,2015-09-19,100万元,"智能制造,半导体/芯片",,互递名片后可见,互递名片后可见,中国北京（海淀）留学人员创业园,https://www.chinahtz.com/sizeScinspark/detail.do?id=347,https://www.chinahtz.com/fileUpload/2019-3/c85954b1-f662-458a-a511-cd711cb0ba92.pdf
2,3,亚纳秒级高精度时间同步信息网络系统,"电子信息/电子设备,物联网,半导体/芯片",初创期,1000-3000万,"安徽,合肥","更鼓电子致力于提供国际领先且易于部署的低成本广域有线同步时间信息网络解决方案，核心科技为世界领先的亚纳秒级高精度定时技术，产品形式包括时间同步终端节点、交换机，并提供相应的二次开发及数据服务，可以为从几米到几十公里范围部署的节点提供亚纳秒量级时间同步、参考时钟、时间触发以及数据传输。
更鼓电子已于2018年7月份成功推出自主研发的亚纳秒级定时同步设备Sync Node，在国内首次将定时精度压缩到10^-10秒量级，能够同时实现时间同步、相位同步、事件同步和高速数据传输，广域同步精度优于100ps，信号抖动优于6ps，相位噪声达-126dB@1kHz。
更鼓电子的高精度定时技术，可以为移动通讯、定位导航、国防科研以及物联网建设提供更高精度的定时技术解决方案及服务。在未来万物互联时代，以智慧城市为载体的物联网建设，包括海量设备接入的工业互联网，以及保密通讯、专网通讯、分布式计算等领域，都对时间信息提出了更高的要求。未来为满足更广泛需求，更鼓电子计划推出定制化同步节点设备、专用IP核以及芯片产品，并将启动基于无线传输的高精度时间同步技术研发项目。","[[""郑凯    总经理\n中国科学技术大学，工学博士学位。 10年以上行业经验，曾就职于美国国家仪器，担任系统工程部主管及大中华区行业经理等职位，具有丰富的管理，市场及销售经验。 2015年至今，创办苏州凌创瑞地测控技术有限公司，为自动驾驶汽车提供检测装备及检测服务。 2018年至今，创办合肥更鼓电子科技有限公司，致力于自主研发世界领先的时间同步技术，为新一代物联网系统建设提供基础性技术。"", ""总经理\n中国科学技术大学，工学博士学位。 10年以上行业经验，曾就职于美国国家仪器，担任系统工程部主管及大中华区行业经理等职位，具有丰富的管理，市场及销售经验。 2015年至今，创办苏州凌创瑞地测控技术有限公司，为自动驾驶汽车提供检测装备及检测服务。 2018年至今，创办合肥更鼓电子科技有限公司，致力于自主研发世界领先的时间同步技术，为新一代物联网系统建设提供基础性技术。"", ""中国科学技术大学，工学博士学位。 10年以上行业经验，曾就职于美国国家仪器，担任系统工程部主管及大中华区行业经理等职位，具有丰富的管理，市场及销售经验。 2015年至今，创办苏州凌创瑞地测控技术有限公司，为自动驾驶汽车提供检测装备及检测服务。 2018年至今，创办合肥更鼓电子科技有限公司，致力于自主研发世界领先的时间同步技术，为新一代物联网系统建设提供基础性技术。""]]",[],"更鼓电子成立于2018年初，位于合肥市高新区。更鼓电子关注更精准的时间信息，致力于打造中国自主的领先高精度定时技术，为万物互联的未来智能世界及新一代物联网系统重建，提供关键性基础技术。
更鼓电子致力于提供国际领先且易于部署的低成本广域有线同步时间信息网络解决方案，核心科技为自主研发的亚纳秒级高精度定时技术，产品形式包括时间同步节点、专用交换机，并提供相应的二次开发及数据服务。
更鼓电子于2018年7月正式推出亚纳秒级定时同步产品，在国内首次将时间同步精度压缩到10^-10秒量级。更鼓电子服务于移动通讯、定位导航、国防科研及物联网等应用场景。",合肥更鼓电子科技有限公司,91340100MA2RFFCE9C,郑凯,2018-01-05,400万元,,互递名片后可见,互递名片后可见,合肥高新技术产业开发区,https://www.chinahtz.com/sizeScinspark/detail.do?id=151,https://www.chinahtz.com/fileUpload/2019-4/2cdd04db-ffa3-4cea-97d0-237c5c7ed628.pdf
3,5,存储芯片自主研发和存储产品自制技术,"电子信息/电子设备,半导体/芯片",初创期,1亿以上,"江苏,南通","项目公司成立以来持续投入研发，视提升国家存储芯片自主研发和存储产品自制技术能力为己任，2018年已发布国内第一颗40纳米移动存储芯片并实现量产，成功打破国外垄断，实现零的突破。公司2018年度专利申请数98件，其中发明专利申请数91件，累计拥有专利数15件，其中包括实用新型专利4件，发明专利数10件，集成电路布图设计专有权1件。
截至2018年12月为止，已完成集成电路存储器设计专利达187件,其中含PCT及电路图设计专利的申请(95%以上发明型专利)。
本轮计划融资1.5亿人民币，60%用于产品研发投入，20%用于市场销售推广，20%用于补充营运资金。","[[""李庭育    董事长\n现任江苏华存电子科技有限公司总经理董事长。1995年毕业于台湾国立中兴大学；1995年至1996年任台湾福懋封装测试公司生产管理、业务主管；1996年至2006年任台湾智原IP/ASIC集成电路芯片设计公司高阶主管；2006年至2007年任台湾智微ASIC集成电路芯片设计公司高阶主管；2007年至2017年任台湾银灿集成电路芯片设计公司创始人、董事长、副董事长、总经理、研发副总。"", ""董事长\n现任江苏华存电子科技有限公司总经理董事长。1995年毕业于台湾国立中兴大学；1995年至1996年任台湾福懋封装测试公司生产管理、业务主管；1996年至2006年任台湾智原IP/ASIC集成电路芯片设计公司高阶主管；2006年至2007年任台湾智微ASIC集成电路芯片设计公司高阶主管；2007年至2017年任台湾银灿集成电路芯片设计公司创始人、董事长、副董事长、总经理、研发副总。"", ""现任江苏华存电子科技有限公司总经理董事长。1995年毕业于台湾国立中兴大学；1995年至1996年任台湾福懋封装测试公司生产管理、业务主管；1996年至2006年任台湾智原IP/ASIC集成电路芯片设计公司高阶主管；2006年至2007年任台湾智微ASIC集成电路芯片设计公司高阶主管；2007年至2017年任台湾银灿集成电路芯片设计公司创始人、董事长、副董事长、总经理、研发副总。""]]",[],公司是一家专注于存储芯片设计和存储解决方案研发生产的高科技企业，拥有资深的芯片研发管理团队，软硬件工程师平均从业10年以上，在芯片架构设计、硬件软件偕同开发与验证、闪存支持与调试、芯片与方案效能优化等方面具有丰富实操经验。公司已形成存储芯片设计加存储解决方案设计、生产及销售一条龙的成熟产业链，主控设计与方案设计能力均已达到国际领先技术标准。,江苏华存电子科技有限公司,91320612MA1R60Y37N,李庭育,2017-09-14,4353万元,,互递名片后可见,edward.song@ourmmy.com,南通市中小企业金融服务中心,https://www.chinahtz.com/sizeScinspark/detail.do?id=545,https://www.chinahtz.com/fileUpload/2019-4/a1cd0f7c-23f5-4cee-970c-e9ff255ce33d.pdf
4,7,厚膜功率触发器电子芯片,"汽车零部件,半导体/芯片,智能交通",成长期,100-500万,"广东,佛山","项目名称：高反压、耐温升、过流保护型“厚膜功率触发器电子芯片”的研发应用和在汽车电子系统中的产业化，包括：多系列发电机调节器及芯片量产产线建设、内续流发电机的生产、新能源汽车驱动电机功率模块研发和产业化、新能源汽车驱动电机的研发和产业化、
项目产品：1、电压调节器、2电压调节芯片、3、汽车发电机、4、电机功率模块、8、新能源汽车驱动电机及其控制系统
项目产品优特点：1、电压调节芯片系列化、高可靠性、市场需求量大且稳定性强（10年内较为稳定需求）、我公司专利布局的技术和产品解决行业瓶颈的高可靠性问题、对国外发电机芯片产品依赖问题、同时低成本（是进口芯片的1/5）、高反压特性优于进口芯片、出口需求量大，建设完生产线后年销量达到200万只，电压调节器同具这些优势、直销发电机企业。2、内续流汽车发电机为首创，解决碳刷滑环问题，可以建设小规模生产线和专利授权。3、电机功率模块：新能源汽车电机功率模块属我国短板，进口管芯多缺少保护或复杂，我公司产品巧妙设计。3、驱动电机为多维分相结构、可靠性高。
融资金额：300万
资金用途：1、厚膜芯片贴装设备 2、生产材料 3、新能源电机及控制系统研发。","[[""杨明    总经理\n创始人，杨明：35年电子技术实践经验、切实的技术规划设计能力、多维反馈模式思维力和多维反馈创新能力培养项目创始人，超强的技术实践与实现能力，跨越思维和跳跃思维创造力，还在于具有智能家居的全新模式创新项目在规划中，先后申请发明专利44项、实用新型专利37项。力驱在佛山打造中国优秀技术创新实战团队、以高度协同优化创新机制获取“功率器件高可靠性驱动技术”和“智能装备高协同性系统工程技术”开拓者、实践者。"", ""总经理\n创始人，杨明：35年电子技术实践经验、切实的技术规划设计能力、多维反馈模式思维力和多维反馈创新能力培养项目创始人，超强的技术实践与实现能力，跨越思维和跳跃思维创造力，还在于具有智能家居的全新模式创新项目在规划中，先后申请发明专利44项、实用新型专利37项。力驱在佛山打造中国优秀技术创新实战团队、以高度协同优化创新机制获取“功率器件高可靠性驱动技术”和“智能装备高协同性系统工程技术”开拓者、实践者。"", ""创始人，杨明：35年电子技术实践经验、切实的技术规划设计能力、多维反馈模式思维力和多维反馈创新能力培养项目创始人，超强的技术实践与实现能力，跨越思维和跳跃思维创造力，还在于具有智能家居的全新模式创新项目在规划中，先后申请发明专利44项、实用新型专利37项。力驱在佛山打造中国优秀技术创新实战团队、以高度协同优化创新机制获取“功率器件高可靠性驱动技术”和“智能装备高协同性系统工程技术”开拓者、实践者。""]]",[],公司创建于2017年5月，由创始人杨明发起，于2017年5月入孵三水创业中心，针对当前汽车发电机电压调节器芯片技术受制于国外的瓶颈制约，积累多年的创新成果在广东佛山进行产业化，以及新能源汽车驱动电机、高可靠功率控制电子模块等核心创新突破性技术进展，核心技术为汽车发电机高可靠电压调节器，既能填补国内技术空白，又在耐压、耐温特性上超过了进口产品，具有耐转速转矩骤变、耐高速、高效率等特点；公司拥有多项自主知识产权，主推的电子芯片可广泛应用于各种机电设备功率驱动电路中，为电机励磁控制、新能源驱动电机电子控制提供硬件技术，已实现高度技术可靠性、耐久性和一定量的销售。,佛山中锦微电科技有限公司,91440607MA4WL2P291,2017-05-23,100万元,"汽车零部件,半导体/芯片,智能交通",,互递名片后可见,互递名片后可见,广东股权交易中心广东金融高新区分公司,https://www.chinahtz.com/sizeScinspark/detail.do?id=135,https://www.chinahtz.com/fileUpload/2019-4/b9905af2-c824-4ac4-9a96-d096a5b2db52.pdf
5,9,数据通讯光电收发器,"通讯技术,半导体/芯片",初创期,3000-5000万,"广东,东莞","公司成立于2014年7月，是一家集研发、生产、经营、服务于一体的新兴光电子国新高新技术企业。公司拥有一批从事光电器件生产、研发和经营超过10年以上专业技术管理团队，以雄厚的技术质量力量持续为客户提供可靠稳定的产品。
公司目前的产品覆盖从百兆到万兆的所有高低速率系列型号光器件，所有产品推出后由于性价比高，深受市场客户认可。公司通过验证并批量供货的的客户有几十家，主要客户有易飞扬、光为、光迅科技等；其中10G 850nm TOSA/ROSA和长波长距离 APD ROSA高灵敏度方案设计的光器件，性能在国内处于领先水平，目前市场供不应求，客户反馈良好；长波段的1G/10G/25G/4*25G 1310nm ROSA/TOSA等系列产品，也在客户端大量应用，各个参数指标均优于行业标准水平。同时公司成功开发25G系列产品及小型化产品，包括25G 850/1310/1550 TOSA/ROSA/BOSA，应用于40G/100G的Mini TO38 TOSA/ROSA系列。
公司生产采用全自动化设备作业，性能稳定，一致性好，成本控制合理。光器件产品覆盖不同速率不同系列光器件生产商，应用领域涵盖了Datacom/Telecom/PON等多个领域。
公司目前处于快速发展时期，生产经营与销售管理协调共进，2016-2018年分别实现营收同比增长261.2%、243.5%、14.2%，同期净利润则分别增长70.7%、375.7%、53.2%；2019年客户需求大幅增长，公司营收和利润有望继续保持高速增长。
本次融资资金主要用于扩大产能和补充流动资金。","[[""司马卫武    董事长\n公司实际控制人，2014年7月公司成立起担任公司董事长职务。1990年天津大学精密仪器系学士，同济大学MBA硕士，六西格玛黑带大师。自1990年毕业加入SAE （TDK全资子公司）起，长期在外资企业负责技术和质量管理工作，曾任SAE 光通讯事业部高级经理，海信宽带（BVI）全球品质总监、海信宽带（BVI）公司质量管理者代表、广东海信宽带公司副总经理、海信集团质量专家、海信学院特聘质量管理学教授"", ""董事长\n公司实际控制人，2014年7月公司成立起担任公司董事长职务。1990年天津大学精密仪器系学士，同济大学MBA硕士，六西格玛黑带大师。自1990年毕业加入SAE （TDK全资子公司）起，长期在外资企业负责技术和质量管理工作，曾任SAE 光通讯事业部高级经理，海信宽带（BVI）全球品质总监、海信宽带（BVI）公司质量管理者代表、广东海信宽带公司副总经理、海信集团质量专家、海信学院特聘质量管理学教授"", ""公司实际控制人，2014年7月公司成立起担任公司董事长职务。1990年天津大学精密仪器系学士，同济大学MBA硕士，六西格玛黑带大师。自1990年毕业加入SAE （TDK全资子公司）起，长期在外资企业负责技术和质量管理工作，曾任SAE 光通讯事业部高级经理，海信宽带（BVI）全球品质总监、海信宽带（BVI）公司质量管理者代表、广东海信宽带公司副总经理、海信集团质量专家、海信学院特聘质量管理学教授""]]",[],"东莞光智通讯科技有限公司成立于2014年7月，拥有一批世界先进高精度、高度自动化设备，厂房2700余平方米，其中万级无尘车间面积1500平方米，是一家集研发、生产、经营、服务于一体的新兴光电子国新高新技术企业。
公司拥有一批从事光电器件生产、研发和经营超过10年以上专业技术管理团队，以雄厚的技术质量力量持续为客户提供可靠稳定的产品。",东莞光智通讯科技有限公司,914419003981899810,司马卫武,2014-07-24,3946万元,,互递名片后可见,互递名片后可见,东莞松山湖高新技术产业开发区,https://www.chinahtz.com/sizeScinspark/detail.do?id=64,https://www.chinahtz.com/fileUpload/2019-5/917b7676-175d-463d-931b-40a775103bcd.pdf
6,11,氮化镓（GaN）射频功放器件,半导体/芯片,初创期,1000-3000万,"广东,佛山","GaN（氮化镓）是第三代宽禁带化合物半导体的代表材料，具有禁带宽度大、电子饱和速度高、击穿电场强、热导率大、功率密度高等优秀材料特性，制作的器件具有高频、高功率和胜任高温环境下工作的突出优点。项目产品对比CREE CRH60015D，CRH60030D, CRH60060D产品，再使用此核心芯片组装功放单晶体管，并对比CREE CRH40025同级产品，测试后无论在宽带，窄带的射频性能略优于美国氮化镓巨头CREE公司。
公司的主要研究方向为针对5G移动通讯基站的射频功率放大器模块，应用频段为国内标准的SUB-6G频段，主要包括射频功率放大器的电路结构设计，所需碳化硅基氮化镓芯片设计、测试、建模，阻抗匹配和直流偏置网络所需IPD芯片设计以及满足5G移动通讯基站天线尺寸需求的塑料封装结构设计。","[[""张达泉    总经理\nCEO，张达泉先生，毕业于美国纽约州立大学，电机学硕士，拥有超过25年以上的成功管理无晶圆厂半导体公司的经验；擅长战略规划、产品营销、国际资源整合以及P&L管理 1999至2008年他是美国PhaseLink（已被纳斯达克上市公司 Micrel收购 ）的联合创始人兼CEO，PhaseLink是全球领先的高频信号处理集成电路供应商。 2014年创立苏州本然微电子，期间整合跨国产业资源，成功开发氮化镓"", ""总经理\nCEO，张达泉先生，毕业于美国纽约州立大学，电机学硕士，拥有超过25年以上的成功管理无晶圆厂半导体公司的经验；擅长战略规划、产品营销、国际资源整合以及P&L管理 1999至2008年他是美国PhaseLink（已被纳斯达克上市公司 Micrel收购 ）的联合创始人兼CEO，PhaseLink是全球领先的高频信号处理集成电路供应商。 2014年创立苏州本然微电子，期间整合跨国产业资源，成功开发氮化镓"", ""CEO，张达泉先生，毕业于美国纽约州立大学，电机学硕士，拥有超过25年以上的成功管理无晶圆厂半导体公司的经验；擅长战略规划、产品营销、国际资源整合以及P&L管理 1999至2008年他是美国PhaseLink（已被纳斯达克上市公司 Micrel收购 ）的联合创始人兼CEO，PhaseLink是全球领先的高频信号处理集成电路供应商。 2014年创立苏州本然微电子，期间整合跨国产业资源，成功开发氮化镓""]]",[],本创团队由美国硅谷、中科院、哈工大等博士硕士组成；主要研究方向为针对5G移动通讯基站的射频功率放大器模块。应用频段为国内标准的SUB-6G频段。 主要包括射频功率放大器的电路结构设计，所需碳化硅基氮化镓芯片设计、测试、建模，阻抗匹配和直流偏置网络所需IPD芯片设计以及满足5G移动通讯基站天线尺寸需求的塑料封装结构设计。,佛山本创微电子有限公司,91440605MA52D7WP6X,张达泉,2018-10-18,1000万元,,互递名片后可见,互递名片后可见,广东股权交易中心广东金融高新区分公司,https://www.chinahtz.com/sizeScinspark/detail.do?id=135,https://www.chinahtz.com/fileUpload/2019-4/23d26170-b017-4427-b099-3f8250bbed88.pdf
7,13,高功率激光元器件制造,"半导体/芯片,激光与光学应用",成长期,5000万-1亿,"广东,深圳","公司在2017年底起就开始为广大激光器客户推出世界一流品质的超高亮度、高性价比、批量稳定供应的半导体激光元器件产品；目前产品已经全面应用于业内知名企业，如深圳大族激光，深圳联赢激光，深圳杰普特激光等，成为其核心战略供应商；2018年公司销售额接近8000万，预计2019年销售额突破3亿，2020年销售额上升至7亿； 2018年底星汉激光被列入深圳市快速成长高科技企业前200名名单；
展望未来，星汉激光会持续加大激光元器件的研发投入和应用拓展，目标在全球工业激光器领域成长为高功率激光元器件集中供应商，对全球工业激光器客户提供核心元器件的ODM服务；同时会发力进一步拓宽我司激光元器件的应用场景，谋求在激光医疗，激光雷达，激光投影显示，激光照明等领域实现拓展。
深圳星汉激光前期通过众筹资金，从2017年8月起步成立，至2018年3月成功获得杭州博将资本Pre-A轮融资3000万，同年6月吸引深圳东方富海基金公司注资加入；为加速企业发展，于2019年2月继续获得东方富海及博将资本2500万投资，并争取到2000万银行商业贷款。","[[""周少丰    董事长兼总经理\n2011.12-2014.03 光通信器件及模块工程部经理（总监提名人选） 　 　 2014.4-2017.3 深圳创鑫激光股份有限公司半导体激光分公司总经理 　 2017.08―至今深圳市星汉激光科技有限公司董事长总经理"", ""董事长兼总经理\n2011.12-2014.03 光通信器件及模块工程部经理（总监提名人选） 　 　 2014.4-2017.3 深圳创鑫激光股份有限公司半导体激光分公司总经理 　 2017.08―至今深圳市星汉激光科技有限公司董事长总经理"", ""2011.12-2014.03 光通信器件及模块工程部经理（总监提名人选） 　 　 2014.4-2017.3 深圳创鑫激光股份有限公司半导体激光分公司总经理 　 2017.08―至今深圳市星汉激光科技有限公司董事长总经理""]]",[],深圳市星汉激光科技有限公司成立于2017年8月，是一家专注于高功率半导体激光元器件设计制造的高科技企业，公司注册资本1962.5687万元，累计投资达10000万元；公司核心技术成员均供职于国内外各知名光电企业，从事激光元器件及模块研发制造近10年，拥有丰富的理论实践经验。,深圳市星汉激光科技有限公司,91440300MA5ENTEE7E,周少丰,2017-08-10,1963万元,,互递名片后可见,互递名片后可见,上海浦东发展银行股份有限公司深圳分行,https://www.chinahtz.com/sizeScinspark/detail.do?id=522,https://www.chinahtz.com/fileUpload/2019-3/9cd55856-875b-4b26-8ebb-21e5d8332640.pdf
8,15,阿尔法智联物联网芯片,"半导体/芯片,智能硬件",初创期,500-1000万,"北京,海淀区",阿尔法智联是在清华科技园成立的科技型企业，主要聚焦在LED驱动器芯片和物联网芯片的设计和开发，拥有国际最领先的LED驱动技术。产品主要应用于智慧照明、智慧环境、智慧零售、智慧物流、智慧城市、智慧工厂等领域，致力于通过智慧照明打造信息高速公路和智慧生态圈。,"[[""曹绪尧    联合创始人/CMO\n擅长市场营销，曾帮助100多家国内企业建立互联网营销体系，全程参与清华大学_麦肯锡数字化能力发展中心二期项目建设，主要负责DPM系统设计，数字化示范工厂硬件集成以及数字化营销，曾在两家初创企业担任高级战略顾问，帮助其中一家企业完成500万融资。"", ""联合创始人/CMO\n擅长市场营销，曾帮助100多家国内企业建立互联网营销体系，全程参与清华大学_麦肯锡数字化能力发展中心二期项目建设，主要负责DPM系统设计，数字化示范工厂硬件集成以及数字化营销，曾在两家初创企业担任高级战略顾问，帮助其中一家企业完成500万融资。"", ""擅长市场营销，曾帮助100多家国内企业建立互联网营销体系，全程参与清华大学_麦肯锡数字化能力发展中心二期项目建设，主要负责DPM系统设计，数字化示范工厂硬件集成以及数字化营销，曾在两家初创企业担任高级战略顾问，帮助其中一家企业完成500万融资。""]]",,公司核心团队来源于清华大学、多伦多大学、麦肯锡咨询公司、高盛公司、德国弗劳恩霍夫研究所等知名机构。目前已经与启迪之星、哈佛大学、清华大学、麻省理工大学、哈佛大学、飞利浦照明、美国Bambu、TCL照明、中船重工、德国弗劳恩霍夫研究所等建立了紧密的合作关系，项目已被列为山东省重大科技专项项目并落地投产，同时正在并购国内知名照明企业和德国知名照明企业。,阿尔法智联（北京）科技有限公司,91110108MA01G6J7XB,竺浩亮,2018-12-14,500万元,,互递名片后可见,互递名片后可见,启迪之星,https://www.chinahtz.com/sizeScinspark/detail.do?id=479,https://www.chinahtz.com/fileUpload/2019-5/71421996-1c8d-4249-bb69-d3d83ef9dc63.pdf
9,17,MEMS压电芯片及水声传感系统,"物联网,半导体/芯片,海洋工程",初创期,500-1000万,"广东,广州",公司现有核心产品是全球第一个基于半导体MEMS制造平台的水听器和基于AlN（氮化铝）的压电MEMS传感芯片，主要面向声呐探测、局放监测、管道测漏、航道监测、水下通讯、地质勘探、海洋渔业等方面的应用。,"[[""凌坚    董事总经理\n北京邮电大学硕士研究生毕业，获得北京市LG硕士奖学金，多篇核心期刊MEMS方向论文， 18项发明专利（已授权），2项实用新型（已授权） 。 十五年的从业经验，先后从事过技术研发和管理工作，担任过上市公司研发工程师、研发经理、总经理助理、副总经理等多个岗位。 目前负责公司全面工作。"", ""董事总经理\n北京邮电大学硕士研究生毕业，获得北京市LG硕士奖学金，多篇核心期刊MEMS方向论文， 18项发明专利（已授权），2项实用新型（已授权） 。 十五年的从业经验，先后从事过技术研发和管理工作，担任过上市公司研发工程师、研发经理、总经理助理、副总经理等多个岗位。 目前负责公司全面工作。"", ""北京邮电大学硕士研究生毕业，获得北京市LG硕士奖学金，多篇核心期刊MEMS方向论文， 18项发明专利（已授权），2项实用新型（已授权） 。 十五年的从业经验，先后从事过技术研发和管理工作，担任过上市公司研发工程师、研发经理、总经理助理、副总经理等多个岗位。 目前负责公司全面工作。""]]",,"广州辰方互联信息科技有限公司（简称“广州辰方”）以微机电（MEMS）技术为核心，致力于物探物联行业，为社会、客户创造更高价值。
公司现有核心产品是全球第一个基于半导体MEMS制造平台的水听器，主要面向声呐探测、局放监测、管道测漏、航道监测、水下通讯、地质勘探、海洋渔业等方面的应用。
MEMS 技术造就了微小尺寸的水听器，增加了可靠性、一致性、运输与安装的便利程度，同时也允许用户在有限空间部署尽可能多的水听器来组成阵列，提升水下无人船（AUV，ROV，UUV等）工作性能，对于某些受声波波长影响而要求小尺寸的应用影响深远……",广州辰方互联信息科技有限公司,91440101MA5AWUUB25,2018-06-01,500万元,"物联网,半导体/芯片,海洋工程",,互递名片后可见,baiyunjlu2006@qq.com,广州市金融局,https://www.chinahtz.com/sizeScinspark/detail.do?id=173,https://www.chinahtz.com/fileUpload/2019-5/2cd2b075-ff32-4a3f-96db-dd26b90953df.pdf
10,19,电子设计自动化（EDA）软件提供商,半导体/芯片,种子期,100-500万,"浙江,杭州",公司是一家电子设计自动化（EDA）软件提供商。致力于为国内外集成电路设计用户提供快速、准确、完整的电磁设计平台，着力解决芯片设计中日益复杂的高效大容量电磁仿真、建模和分析及优化设计等关键性问题，帮助用户提高产品设计开发效率，增强用户产品的竞争力和创新力，公司秉承“为设计最快的集成电路芯片提供保障”的企业使命服务全球用户。,"[[""王高峰    CEO\n1990-1993 美国威斯康辛大学，获电子工程博士学位；1997-2000 美国斯坦福大学，获科学计算博士学位；2004-2010 美国Siargo公司（创始人及首席技术官）；2010-2013 美国Lorentz Solution公司 （首席科学家）；2004-2013 武汉大学微电子与信息技术研究院（兼职院长、教授、博导）；2013至今杭州电子科技大学电子信息学院（二级教授、博导）。"", ""CEO\n1990-1993 美国威斯康辛大学，获电子工程博士学位；1997-2000 美国斯坦福大学，获科学计算博士学位；2004-2010 美国Siargo公司（创始人及首席技术官）；2010-2013 美国Lorentz Solution公司 （首席科学家）；2004-2013 武汉大学微电子与信息技术研究院（兼职院长、教授、博导）；2013至今杭州电子科技大学电子信息学院（二级教授、博导）。"", ""1990-1993 美国威斯康辛大学，获电子工程博士学位；1997-2000 美国斯坦福大学，获科学计算博士学位；2004-2010 美国Siargo公司（创始人及首席技术官）；2010-2013 美国Lorentz Solution公司 （首席科学家）；2004-2013 武汉大学微电子与信息技术研究院（兼职院长、教授、博导）；2013至今杭州电子科技大学电子信息学院（二级教授、博导）。""]]",,公司成立于2017年，致力于后摩尔时代射频和超高速集成电路EDA软件及IP开发，着力解决芯片设计中复杂的大容量电磁建模、仿真分析及优化设计问题提高产业集成电路的高频高速设计水平。,杭州泛利科技有限公司,91330100MA28MK7A97,2017-03-09,1000万元,半导体/芯片,,互递名片后可见,互递名片后可见,浙江股权交易中心,https://www.chinahtz.com/sizeScinspark/detail.do?id=276,https://www.chinahtz.com/fileUpload/2019-5/3cc87e7a-7030-422a-9cb1-eb781e2b587d.pdf
11,21,功率半导体,半导体/芯片,成长期,5000万-1亿,"广东,广州",公司由一批长期致力于中国功率半导体国产化的技术团队、市场营销团队、管理团队和投资人共同组建。公司技术团队平均年龄超过三十五岁，主要核心人员均在国际一流半导体公司有超过十年的经验。目前公司有十五名员工，60%为研发人员。博士两名，硕士四名，其他都是本科以上学位。到年底人员规模会扩展到三十名，70%为研发人员。,"[[""黄昕    CEO\n复旦大学博士，二十年跨国半导体公司功率半导体技术与产品开发管理经验，开发出国际领先的75V-6500V功率分立器件技术 拥有沟槽功率MOSFET，超结功率MOSFET，IGBT/FRD及RFLDMOS以及BCD等技术和产品业界领先的开发能力，申请国内专利超过80项，美国专利1项。"", ""CEO\n复旦大学博士，二十年跨国半导体公司功率半导体技术与产品开发管理经验，开发出国际领先的75V-6500V功率分立器件技术 拥有沟槽功率MOSFET，超结功率MOSFET，IGBT/FRD及RFLDMOS以及BCD等技术和产品业界领先的开发能力，申请国内专利超过80项，美国专利1项。"", ""复旦大学博士，二十年跨国半导体公司功率半导体技术与产品开发管理经验，开发出国际领先的75V-6500V功率分立器件技术 拥有沟槽功率MOSFET，超结功率MOSFET，IGBT/FRD及RFLDMOS以及BCD等技术和产品业界领先的开发能力，申请国内专利超过80项，美国专利1项。""]]",,公司成立于2017年，公司经营理念为不与国内其他厂商直接竞争，定位高端产品，替换国际主流公司产品，实现高端产品国产化使命。主要客户为国内一流的电源和能源厂商，上市公司。旨在将公司打造为国内领先，国际一流的功率半导体公司，为电能的高效使用做出贡献是团队的使命。,广州安海半导体股份有限公司,91440101MA59U7269W,2017-09-18,2500万元,半导体/芯片,,互递名片后可见,互递名片后可见,浙江股权交易中心,https://www.chinahtz.com/sizeScinspark/detail.do?id=276,https://www.chinahtz.com/fileUpload/2019-5/95d44ff5-5931-438f-ba7f-d3179c193295.pdf
12,23,无机纳米涂层银键合丝,"新材料,半导体/芯片,金属冶炼及制品",初创期,1000-3000万,"广东,佛山","项目产品采用无机纳米涂层包裹银键合丝表面，致密的纳米保护层使银键合丝达到防硫化的效果，同时提高其表面亮度10%。键合丝是半导体器件电信号传递的关键材料，银极易硫化，造成器件失效，本项目防硫化产品――无机纳米涂层银键合丝主要应用于高端SSD、DRAM以及LED领域，项目产品目前处于小试阶段。
公司有以下优势：
创新优势：公司与广东工业大学电子精密制造技术及装备省部共建国家重点实验室材料研发团队深度合作开展键合丝相关研发工作，拥有资深的研发团队。
运营优势：公司运营团队全部来自于深圳禾木科技有限公司，团队成员都在行业内拥有十余年的相关经验，企业运营有保障。
市场优势：团队在行业内已深耕十余年，客户资源稳定。
资源优势：国家“千人计划”专家崔成强教授、林挺宇博士，日月光副总裁郭一凡先生都是行业顶尖人才，能给企业带来得天独厚的资源。
本次融资资金主要用于产线设备的购置与股权赎回。","[[""崔成强    研发总负责人\n国家“千人计划专家”，曾任新加坡微电子研究所研究员，香港金柏科技首席技术官，北方兵器首席科学家，曾主持02专项、863计划等，新加坡非传统键合丝生产商胜纬科技（Sem wire）合伙人"", ""研发总负责人\n国家“千人计划专家”，曾任新加坡微电子研究所研究员，香港金柏科技首席技术官，北方兵器首席科学家，曾主持02专项、863计划等，新加坡非传统键合丝生产商胜纬科技（Sem wire）合伙人"", ""国家“千人计划专家”，曾任新加坡微电子研究所研究员，香港金柏科技首席技术官，北方兵器首席科学家，曾主持02专项、863计划等，新加坡非传统键合丝生产商胜纬科技（Sem wire）合伙人""]]",[],"广东禾木科技是一家专注传统键合丝制造与非传统键合丝升级研发的新兴科技企业，公司成立于2016年12月，公司坐落于佛山国家高新技术产业开发区。目前公司新型研发产品采用无机纳米涂层对传统银键合丝表面进行处理，其优异的性能与技术皆属行业首创。
广东禾木科技与广东工业大学电子精密制造技术及装备省部共建国家重点实验室深度合作开展键合丝相关研发工作，目前拥有多项相关专利和自主知识产权。 现有研发带头人包括：“国家千人计划专家”2人，教授/博士生导师2人，博士3人。
一直以来，禾木科技坚守“以质量与服务打造行业标杆”的原则，专注于技术创新与生产管控，以提升产品及服务质量为基本工作，持续产品创新升级。",广东禾木科技有限公司,91440605MA4W28X498,符再安,2016-12-09,1000万元,,互递名片后可见,互递名片后可见,广东股权交易中心广东金融高新区分公司,https://www.chinahtz.com/sizeScinspark/detail.do?id=135,https://www.chinahtz.com/fileUpload/2019-3/e4622ced-9728-4b02-97ff-e50e2aa31856.pdf
13,25,智能网络通信指挥系统,"军工技术,半导体/芯片,电子信息/电子设备",初创期,1000-3000万,"北京,海淀区",公司依靠自身技术优势和整合的系统资源，先后进军智能城市运营管理体系、广播电视传输、电视播出和直播、互联网和通信网络、城市智能监控、卫星通信、专网电视会议等领域的技术解决方案和系统集成项目。,"[[""魏真正    总经理\n2000年7月－今北京正荣网际科技股份有限公司总经理，有30年光纤通信、光纤有线电视网络、光纤图像传输与控制系统、计算机网络、话音通信网络等城市化系统集成、系统化建设、交钥匙的专业经验。全国第一个智慧城市图像和信息联网设计和建设人，全国第一个大型城市交通图像监控实施落地人，国家委、办、局智慧城市图像联网领导专家组专家，公安部公共安防运维标准专家组专家。"", ""总经理\n2000年7月－今北京正荣网际科技股份有限公司总经理，有30年光纤通信、光纤有线电视网络、光纤图像传输与控制系统、计算机网络、话音通信网络等城市化系统集成、系统化建设、交钥匙的专业经验。全国第一个智慧城市图像和信息联网设计和建设人，全国第一个大型城市交通图像监控实施落地人，国家委、办、局智慧城市图像联网领导专家组专家，公安部公共安防运维标准专家组专家。"", ""2000年7月－今北京正荣网际科技股份有限公司总经理，有30年光纤通信、光纤有线电视网络、光纤图像传输与控制系统、计算机网络、话音通信网络等城市化系统集成、系统化建设、交钥匙的专业经验。全国第一个智慧城市图像和信息联网设计和建设人，全国第一个大型城市交通图像监控实施落地人，国家委、办、局智慧城市图像联网领导专家组专家，公安部公共安防运维标准专家组专家。""]]",[],公司致力于智能化的数字高清图像传输和显示技术、智能城市联网系统数据深度挖掘、多媒体图像传输技术、信息数据化技术、高清图像处理技术、与人工智能、物联网、绿色经济等相关联新媒体技术的重新定义的创新、开发、整合。,北京正荣网际科技股份有限公司,91110108723951723M,2000-06-26,1000万元,"军工技术,半导体/芯片,电子信息/电子设备",,互递名片后可见,互递名片后可见,中国北京（海淀）留学人员创业园,https://www.chinahtz.com/sizeScinspark/detail.do?id=347,https://www.chinahtz.com/fileUpload/2019-3/13f42199-4448-4c69-9570-f5bedc25cbec.pdf
14,27,硬之城,"电子商务,半导体/芯片",成长期,3000-5000万,"广东,深圳","项目是智能化元器件供应链服务平台，平台结合大数据与人工智能技术，为硬件制造企业提供一站式元器件供应服务，帮助企业节约人力、时间及物料成本。2016年3月，硬之城（Allchips.com）上线；2016年6月，获天使轮投资（睿鼎资本）；2017年6月，获Pre-A轮投资（蓝海众力资本）；2017年8月，获得“国家高新技术企业”认证；2017年12月，获A轮投资（朗科投资领投）；2018年7月，荣获中国B2B百强第85名。

项目核心团队由来至腾讯、华为、富士康及上市公司高管组成，产业+互联网完整组合，2019年预计营收5亿，目标2022年营收100亿。本轮融资资金主要用于：大数据与人工智能技术投入、业务规模化扩张、仓储物流等供应链建设、市场运营、品牌推广及产业链投资布局。","[[""李六七    总经理\n男，1980年9月出生，中国国籍，汉族，政治面貌为群众，无境外永久居留权，毕业于西北大学，研究生学历，工商管理专业。2004年7月至2005年7月，任深圳市福奈特科技有限公司外贸业务员；2005年8月至2007年1月，任深圳市环球纵横科技有限公司副总经理；2007年2月至2015年7月，任华盛股份有限公司总经理；2015年8月至今，任深圳前海硬之城信息技术有限公司执行董事兼总经理。"", ""总经理\n男，1980年9月出生，中国国籍，汉族，政治面貌为群众，无境外永久居留权，毕业于西北大学，研究生学历，工商管理专业。2004年7月至2005年7月，任深圳市福奈特科技有限公司外贸业务员；2005年8月至2007年1月，任深圳市环球纵横科技有限公司副总经理；2007年2月至2015年7月，任华盛股份有限公司总经理；2015年8月至今，任深圳前海硬之城信息技术有限公司执行董事兼总经理。"", ""男，1980年9月出生，中国国籍，汉族，政治面貌为群众，无境外永久居留权，毕业于西北大学，研究生学历，工商管理专业。2004年7月至2005年7月，任深圳市福奈特科技有限公司外贸业务员；2005年8月至2007年1月，任深圳市环球纵横科技有限公司副总经理；2007年2月至2015年7月，任华盛股份有限公司总经理；2015年8月至今，任深圳前海硬之城信息技术有限公司执行董事兼总经理。""]]",[],公司简称硬之城，是国内元器件网络直购商城。硬之城于2016年3月上线。公司核心团队由来至腾讯、华为、富士康及上市公司高管组成，产业+互联网完整组合，2019年公司预计营收5亿，目标2022年营收100亿。,深圳前海硬之城信息技术有限公司,91440300349751763P,2015-08-07,550万元,"电子商务,半导体/芯片",,互递名片后可见,互递名片后可见,中航爱创客,https://www.chinahtz.com/sizeScinspark/detail.do?id=515,https://www.chinahtz.com/fileUpload/2019-2/82a53ce9-c881-4d8e-a4a3-691ba04b85de.pdf
15,29,基于原子层沉积的半导体材料及应用,"新材料,半导体/芯片",初创期,1000-3000万,"安徽,合肥","项目以拥有自主知识产权的原子层沉积（ALD）技术为核心，利用团队在ALD前驱体材料开发生产、ALD应用整合工艺等方面具有多年国际顶级行业经验和雄厚竞争力，研发和生产应用于各类先进制程芯片的功能薄膜沉积材料，并同时提供应用工艺解决方案。
本团队是目前国内唯一一家，也是世界上少数可以提供前驱体材料研发、流程工艺整合以及设备开发技术的公司，在半导体集成电路领域打破国外垄断，填补国内空白。除此之外，我们的解决方案应用场景广泛，能够为新能源，高清显示（OLED），光电器件等多个领域提供高性能纳米级功能薄膜制造的解决方案。技术壁垒高，附加值大，市场前景广阔。
创始团队均在国内外知名高校获得博士/硕士等高等学位，并有多年海外行业垄断企业从事管理研发的丰富经验，拥有代表世界最先进水平的技术积累。
公司于2018年夏成立，已完成千万级别天使轮融资。目前已在合肥建立研发基地，用于材料开发、工艺验证及小试线产品放大。本轮融资将用于前端研发能力和研发工程团队的持续拓展，以及中试线工艺放大的探索研究。","[[""汪穹宇    CEO\n中国科技大学学士，美国德州大学奥斯丁分校硕士；在美国学习工作10余年； 曾在美国A123 Systems公司任职，负责美国能源部ARPA-E项目以及美国国防部DARPA材料技术研发。 后于美国苹果公司任职，先后担任产品工程师，技术研发部门经理。负责多代苹果手机和平板产品的电池开发与量产，领导了跨领域团队成功开发苹果过去三代的电池技术平台，并主导多个未来技术项目的开发和验证。"", ""CEO\n中国科技大学学士，美国德州大学奥斯丁分校硕士；在美国学习工作10余年； 曾在美国A123 Systems公司任职，负责美国能源部ARPA-E项目以及美国国防部DARPA材料技术研发。 后于美国苹果公司任职，先后担任产品工程师，技术研发部门经理。负责多代苹果手机和平板产品的电池开发与量产，领导了跨领域团队成功开发苹果过去三代的电池技术平台，并主导多个未来技术项目的开发和验证。"", ""中国科技大学学士，美国德州大学奥斯丁分校硕士；在美国学习工作10余年； 曾在美国A123 Systems公司任职，负责美国能源部ARPA-E项目以及美国国防部DARPA材料技术研发。 后于美国苹果公司任职，先后担任产品工程师，技术研发部门经理。负责多代苹果手机和平板产品的电池开发与量产，领导了跨领域团队成功开发苹果过去三代的电池技术平台，并主导多个未来技术项目的开发和验证。""]]",[],安德科铭是一个以海归博士硕士为核心的初创公司，创始成员来自中科大，美国西北大学，美国德州大学等世界知名高等学府，并曾在美国苹果公司，美国应用材料公司，德国赢创化工等行业领军企业担任高级研发、管理职位。项目以拥有自主知识产权的原子层沉积（ALD）技术为核心，利用团队在ALD前驱体材料开发生产、ALD应用整合工艺等方面多年国际最先进经验积累，打造国内第一支有能力研发和生产应用于各类先进制程芯片的功能薄膜沉积材料，并同时提供应用工艺解决方案的团队，填补国内空白。同时我们的高性能纳米级功能薄膜解决方案还能够广泛涉及新能源，高清显示（OLED），光电器件等多个领域。,合肥安德科铭半导体科技有限公司,91340103MA2RQWYY92,汪穹宇,2018-05-29,500万元,,互递名片后可见,互递名片后可见,合肥高新技术产业开发区,https://www.chinahtz.com/sizeScinspark/detail.do?id=151,https://www.chinahtz.com/fileUpload/2019-4/cfb051da-f141-42c7-850b-911288b1f731.pdf
16,31,中高压大电流芯片,半导体/芯片,初创期,500-1000万,"广东,深圳",深度的系统和应用知识、强大的电源管理芯片创新设计、以及受专利保护的定制工艺是宝砾的核心竞争力。公司拥有完整的设计中高压大电流芯片的能力，自主研发了高性能低成本的领先工艺技术，并有世界级电源管理核心技术及市场开发能力。产品广泛应用在机顶盒、路由器、电视机、电子烟、 电表、 车载充电、电动交通工具、排插、高性能Type-C 充电器等领域。,"[[""邓海飞    CEO\n无"", ""CEO\n无"", ""无""]]",[],Powlicon Inc.（宝砾微电子有限公司）2013年创立于美国达拉斯，创始人均来自于美国著名半导体公司，有多年的电子行业研发、运营及管理经验。公司专注于为用户提供创新性的、高效能、高性价比、高集成度的电源管理IC。团队在充电管理以及相关市场有多年的累积及耕耘，给用户提供了领先于市场的解决方案，并且与国内外领先的代工厂和封装厂商都有良好的合作关系。,深圳宝砾微电子有限公司,91440300319316445F,2014-10-15,668万元,半导体/芯片,,互递名片后可见,互递名片后可见,深圳市科技服务业协会,https://www.chinahtz.com/sizeScinspark/detail.do?id=302,https://www.chinahtz.com/fileUpload/2018-11/e53e7d2a-2877-4d7a-86b3-d6d49baf31be.pdf
17,33,高端微流控芯片的设计制造及应用,"医疗器械,半导体/芯片,电子信息/电子设备",成长期,500-1000万,"广东,佛山","公司是一家致力于国际前沿的高性能芯片的技术研发及应用，可直接应用在生物医疗、石油工业、食品药品检验、新材料开发等多个领域。项目技术具有很高的创新性，主要体现在微流控设计体系的建立以及微流道表面微纳结构设计制造及表面改性新技术。
公司在2018年研发出基于微流控技术的农残快速检测仪（GB/T5999-2003)，将创新技术带入食品安全中。农残快检市场，全国仪器采购投入2个亿左右，市场相当广阔。我们的农残检测仪作为一种新技术，跟传统技术比，我们的农残检测仪全智能化操作，减少人力成本；试剂消耗降低90%，节省成本的同时，更降低试剂对环境的污染，更环保；互联网及大数据分析管理后台，为政府食品安全管理、决策提供科学依据。三大优势，让我们的农残快检仪能有效代替传统检测仪器，并能开拓更广泛的农残检测环境，将农残检测更深入到田间地头，食堂餐桌等。
公司同步开发了基于微流控技术的细胞计数仪，目前应用到牛奶安全检测中；后续会将细胞计数仪往生物医学方面进行发展应用，以国产代替进口，无论从价格还是服务上，都会产生更广阔的市场前景。
本次融资资金主要投入到仪器的生产以及芯片生产，尽快投放市场，产生经济效益。","[[""成正东    技术总监\n博士生导师，哈佛大学博士后。 TAMU教授，珠江学者，百人计划教授，1999年博士毕业于美国普林斯顿大学，目前担任广东省功能软凝聚态物质重点实验室主任。公司团队带头人,负责微流控芯片设计与研发。"", ""技术总监\n博士生导师，哈佛大学博士后。 TAMU教授，珠江学者，百人计划教授，1999年博士毕业于美国普林斯顿大学，目前担任广东省功能软凝聚态物质重点实验室主任。公司团队带头人,负责微流控芯片设计与研发。"", ""博士生导师，哈佛大学博士后。 TAMU教授，珠江学者，百人计划教授，1999年博士毕业于美国普林斯顿大学，目前担任广东省功能软凝聚态物质重点实验室主任。公司团队带头人,负责微流控芯片设计与研发。""]]",,"佛山市铬维科技有限公司2014年8月成立于佛山市南海高新区。自成立以来，铬维始终坚持技术标准国际化、技术推广全球化，致力于高端微流控芯片设计、制造与应用。
“功以才成，业由才广”，公司团队带头人一直活跃在微流控前沿领域，带领国际化人才团队，是微流控技术应用坚定的推行者。2018年，公司成立广州研发中心，“科技创新是科学发展的前提，人才是创新的核心要素”铬维充分运用了技术与人才的优势，获取专利60余项，全方位建立微流控技术与应用市场间的渠道，推动技术成果产业化。
铬维科技以开放融合的态度，兼容并蓄，与一大批国内外顶级科研机构建立良好的合作关系，共建互通的技术渠道。",佛山市铬维科技有限公司,914406053148648643,谭蓉,2014-08-25,1000万元,,互递名片后可见,互递名片后可见,广东股权交易中心广东金融高新区分公司,https://www.chinahtz.com/sizeScinspark/detail.do?id=135,https://www.chinahtz.com/fileUpload/2019-3/2c80f53e-5907-44cb-bdc3-5469d2677718.pdf
18,35,高性能光子集成芯片及器件的产业化,"新材料,半导体/芯片",成长期,1000-3000万,"陕西,西安",基于传统的分立器件、手工封装的方式所制作得光器件和系统在成本、速率、带宽、功耗等诸多方面已难以满足日益增长的海量数据传输和处理的需求，光子集成技术在这种背景条件下得以快速发展，成为继摩尔定律失效后在世界半导体领域的战略必争之地，从一般“科技战略”上升为“国家发展战略”，被誉为信息时代的巨大变革。作为国内光子集成领域的开拓者，西安奇芯光电科技有限公司凝聚了国内外顶尖的光通信和光子集成领域的人才，凭借在光通信研发和制造领域多年的经验，掌握全球唯一兼具高折射率差、超低损耗、微小尺寸、多层回路的光子集成核心技术，并建立起独具特色的光子集成芯片设计和制造平台、光子集成器件封装平台、高速光器件和光模块综合测试平台，具备从芯片材料-芯片设计-芯片流片-芯片封测-组件模块的研发制造整合能力。奇芯光电独创的材料平台，集合了Si和SiO2两大材料平台的优势，将光子集成规模大幅度提高了40倍；瞄准高速率、多功能、多通道、超高密度、微小尺寸和低功耗等高端市场痛点，有效降低了设备成本和运维成本，推动光通信产业的集成化、小型化和实用化。,"[[""Dong Cheng    创始人、董事长兼总经理\n中国科学院西安光学精密机械研究所信息光子器件与光子集成中心主任、研究员，陕西光电子集成先导技术研究院副院长，美国光学学会会员，中国光学学会纤维光学和集成光学专业委员会委员，陕西省“优秀外国专家”入选者。曾在芬兰Nokia和Optonex、加拿大Nortel Networks、OneChip等国际知名光通信企业担任高管和高级研发人员，具有长达25年的光通信行业研发及管理经验。"", ""创始人、董事长兼总经理\n中国科学院西安光学精密机械研究所信息光子器件与光子集成中心主任、研究员，陕西光电子集成先导技术研究院副院长，美国光学学会会员，中国光学学会纤维光学和集成光学专业委员会委员，陕西省“优秀外国专家”入选者。曾在芬兰Nokia和Optonex、加拿大Nortel Networks、OneChip等国际知名光通信企业担任高管和高级研发人员，具有长达25年的光通信行业研发及管理经验。"", ""中国科学院西安光学精密机械研究所信息光子器件与光子集成中心主任、研究员，陕西光电子集成先导技术研究院副院长，美国光学学会会员，中国光学学会纤维光学和集成光学专业委员会委员，陕西省“优秀外国专家”入选者。曾在芬兰Nokia和Optonex、加拿大Nortel Networks、OneChip等国际知名光通信企业担任高管和高级研发人员，具有长达25年的光通信行业研发及管理经验。""]]",[],作为国内光子集成领域的开拓者，西安奇芯光电科技有限公司，凝聚了国内外顶尖的光通信和光子集成领域的人才，凭借在光通信研发和制造领域多年的经验，掌握全球唯一兼具高折射率差、超低损耗、微小尺寸、多层回路的光子集成核心技术，并建立起独具特色的光子集成芯片设计和制造平台、光子集成器件封装平台、高速光器件和光模块综合测试平台，具备从芯片材料-芯片设计-芯片流片-芯片封测-组件模块的研发制造整合能力，在推动我国信息技术高端光子芯片和器件技术方面具有独特的战略地位。,西安奇芯光电科技有限公司,9161013109277730XN,Dong Cheng,2014-02-27,475万元,,互递名片后可见,互递名片后可见,深圳市合创资本管理有限公司,https://www.chinahtz.com/sizeScinspark/detail.do?id=182,https://www.chinahtz.com/fileUpload/2019-3/89e384d0-28a6-4381-93aa-0878f30808ee.pdf
19,37,数字视网膜人工智能芯片,"人工智能,半导体/芯片,视频/音频技术",初创期,5000万-1亿,"浙江,杭州",杭州博雅鸿图视频技术有限公司成立于2017年7月，专注提供以视觉智能计算为核心的大数据解决方案，提供人工智能芯片+算法+软件定义智能的解决方案平台，服务5G时代的物联网视觉融合计算，推动数字视网膜技术体系的生态和标准发展。数字视网膜是公司董事长高文院士首先提出的解决大规模人工智能应用的视频技术支撑体系，解决方案主要面向的领域有城市级海量视频大数据智能计算、物联网前端融合感知、军民融合等领域。核心经营团队来自北京大学数字视频编解码技术国家工程实验室产业化团队，团队的主要成果包括AVS国家标准和CDVS国际标准的设计和推广，拥有完整的IP设计能力和芯片研发经验。公司总部落户于杭州市，是杭州市、西湖区、云栖小镇重点扶持企业。目前在北京、杭州、南京、深圳有运营机构或研发中心，公司目前有员工100余人，其中80%为科研人员，包括芯片设计、嵌入式开发、系统设计、SoC集成等领域，团队拥有10年以上AVS编解码芯片开发经验以及专业的应用方案设计及技术支持经验。公司已获得银杏谷资本、合创资本等机构数千万元的投资。本轮融资主要用于扩充核心技术研发团队、芯片量产与迭代、市场推广与运营等。,"[[""贾惠柱    CEO\n博士，北京大学信息科学技术学院副研究员，浙江省北大信息技术高等研究院副院长，北京大学数字媒体研究所副所长，浙江省智慧视频产业技术联盟秘书长。 主持研制中国首款专业级AVS+高清视频编码SoC芯片，近年来主持/参与20余项国家项目，授权中国发明专利34项，合作编著1部，在相关领域发表学术论文60余篇，获得国家科学技术进步二等奖（2017）和中国电子学会电子信息科学技术一等奖（2010）。"", ""CEO\n博士，北京大学信息科学技术学院副研究员，浙江省北大信息技术高等研究院副院长，北京大学数字媒体研究所副所长，浙江省智慧视频产业技术联盟秘书长。 主持研制中国首款专业级AVS+高清视频编码SoC芯片，近年来主持/参与20余项国家项目，授权中国发明专利34项，合作编著1部，在相关领域发表学术论文60余篇，获得国家科学技术进步二等奖（2017）和中国电子学会电子信息科学技术一等奖（2010）。"", ""博士，北京大学信息科学技术学院副研究员，浙江省北大信息技术高等研究院副院长，北京大学数字媒体研究所副所长，浙江省智慧视频产业技术联盟秘书长。 主持研制中国首款专业级AVS+高清视频编码SoC芯片，近年来主持/参与20余项国家项目，授权中国发明专利34项，合作编著1部，在相关领域发表学术论文60余篇，获得国家科学技术进步二等奖（2017）和中国电子学会电子信息科学技术一等奖（2010）。""]]",[],"杭州博雅鸿图视频技术有限公司成立于2017年7月，专注提供以视觉智能计算为核心的大数据解决方案，提供人工智能芯片+算法+软件定义智能的解决方案平台，服务5G时代的物联网视觉融合计算，推动数字视网膜技术体系的生态和标准发展。
解决方案主要面向的领域有城市级海量视频大数据智能计算、物联网前端融合感知、军民融合等领域。
核心经营团队来自北京大学数字视频编解码技术国家工程实验室产业化团队，团队的主要成果包括AVS国家标准和CDVS国际标准的设计和推广，拥有完整的IP设计能力和芯片研发经验。
公司总部落户于杭州市，是杭州市，西湖区重点扶持企业。目前在北京、杭州、南京、深圳有运营机构或研发中心.",杭州博雅鸿图视频技术有限公司,91330106MA28UQPNXM,贾惠柱,2017-07-06,1375万元,,互递名片后可见,互递名片后可见,深圳市合创资本管理有限公司,https://www.chinahtz.com/sizeScinspark/detail.do?id=182,https://www.chinahtz.com/fileUpload/2019-3/72af7d00-e925-487b-b880-1376f83bc364.pdf
